time_us,sda,scl,note
5.00,1,1,
10.00,0,1,
10.00,0,0,
12.50,1,0,
12.50,1,1,
17.50,1,0,
22.50,0,0,
22.50,0,1,
27.50,0,0,
32.50,1,0,
32.50,1,1,
37.50,1,0,
42.50,0,0,
42.50,0,1,
47.50,0,0,
52.50,0,0,
52.50,0,1,
57.50,0,0,
62.50,0,0,
62.50,0,1,
67.50,0,0,
72.50,0,0,
72.50,0,1,
77.50,0,0,
82.50,0,0,
82.50,0,1,
87.50,0,0,
92.50,1,0,
92.50,0,1,
97.50,0,0,
100.00,1,0,
102.50,0,0,
102.50,0,1,
107.50,0,0,
112.50,0,0,
112.50,0,1,
117.50,0,0,
122.50,0,0,
122.50,0,1,
127.50,0,0,
132.50,0,0,
132.50,0,1,
137.50,0,0,
142.50,0,0,
142.50,0,1,
147.50,0,0,
152.50,0,0,
152.50,0,1,
157.50,0,0,
162.50,0,0,
162.50,0,1,
167.50,0,0,
172.50,0,0,
172.50,0,1,
177.50,0,0,
182.50,1,0,
182.50,0,1,
187.50,0,0,
190.00,1,0,
192.50,0,0,
192.50,0,1,
197.50,0,0,
202.50,0,0,
202.50,0,1,
207.50,0,0,
212.50,1,0,
212.50,1,1,
217.50,1,0,
222.50,1,0,
222.50,1,1,
227.50,1,0,
232.50,1,0,
232.50,1,1,
237.50,1,0,
242.50,1,0,
242.50,1,1,
247.50,1,0,
252.50,1,0,
252.50,1,1,
257.50,1,0,
262.50,1,0,
262.50,1,1,
267.50,1,0,
272.50,1,0,
272.50,0,1,
277.50,0,0,
280.00,1,0,
282.50,0,0,
282.50,0,1,
287.50,0,0,
292.50,1,0,
292.50,1,1,
297.50,1,0,
302.50,1,0,
302.50,1,1,
307.50,1,0,
312.50,0,0,
312.50,0,1,
317.50,0,0,
322.50,0,0,
322.50,0,1,
327.50,0,0,
332.50,1,0,
332.50,1,1,
337.50,1,0,
342.50,1,0,
342.50,1,1,
347.50,1,0,
352.50,1,0,
352.50,1,1,
357.50,1,0,
362.50,1,0,
362.50,0,1,
367.50,0,0,
370.00,1,0,
375.00,0,0,
375.00,0,1,
385.00,1,1,
390.00,1,1,
395.00,0,1,
395.00,0,0,
397.50,1,0,
397.50,1,1,
402.50,1,0,
407.50,0,0,
407.50,0,1,
412.50,0,0,
417.50,1,0,
417.50,1,1,
422.50,1,0,
427.50,0,0,
427.50,0,1,
432.50,0,0,
437.50,0,0,
437.50,0,1,
442.50,0,0,
447.50,0,0,
447.50,0,1,
452.50,0,0,
457.50,0,0,
457.50,0,1,
462.50,0,0,
467.50,0,0,
467.50,0,1,
472.50,0,0,
477.50,1,0,
477.50,1,1,
482.50,1,0,
485.00,1,0,
490.00,0,0,
490.00,0,1,
500.00,1,1,
505.00,1,1,
510.00,0,1,
510.00,0,0,
512.50,1,0,
512.50,1,1,
517.50,1,0,
522.50,0,0,
522.50,0,1,
527.50,0,0,
532.50,1,0,
532.50,1,1,
537.50,1,0,
542.50,0,0,
542.50,0,1,
547.50,0,0,
552.50,0,0,
552.50,0,1,
557.50,0,0,
562.50,0,0,
562.50,0,1,
567.50,0,0,
572.50,0,0,
572.50,0,1,
577.50,0,0,
582.50,0,0,
582.50,0,1,
587.50,0,0,
592.50,1,0,
592.50,1,1,
597.50,1,0,
600.00,1,0,
605.00,0,0,
605.00,0,1,
615.00,1,1,
620.00,1,1,
625.00,0,1,
625.00,0,0,
627.50,1,0,
627.50,1,1,
632.50,1,0,
637.50,0,0,
637.50,0,1,
642.50,0,0,
647.50,1,0,
647.50,1,1,
652.50,1,0,
657.50,0,0,
657.50,0,1,
662.50,0,0,
667.50,0,0,
667.50,0,1,
672.50,0,0,
677.50,0,0,
677.50,0,1,
682.50,0,0,
687.50,0,0,
687.50,0,1,
692.50,0,0,
697.50,0,0,
697.50,0,1,
702.50,0,0,
707.50,1,0,
707.50,1,1,
712.50,1,0,
715.00,1,0,
720.00,0,0,
720.00,0,1,
730.00,1,1,
735.00,1,1,
740.00,0,1,
740.00,0,0,
742.50,1,0,
742.50,1,1,
747.50,1,0,
752.50,0,0,
752.50,0,1,
757.50,0,0,
762.50,1,0,
762.50,1,1,
767.50,1,0,
772.50,0,0,
772.50,0,1,
777.50,0,0,
782.50,0,0,
782.50,0,1,
787.50,0,0,
792.50,0,0,
792.50,0,1,
797.50,0,0,
802.50,0,0,
802.50,0,1,
807.50,0,0,
812.50,0,0,
812.50,0,1,
817.50,0,0,
822.50,1,0,
822.50,1,1,
827.50,1,0,
830.00,1,0,
835.00,0,0,
835.00,0,1,
845.00,1,1,
850.00,1,1,
855.00,0,1,
855.00,0,0,
857.50,1,0,
857.50,1,1,
862.50,1,0,
867.50,0,0,
867.50,0,1,
872.50,0,0,
877.50,1,0,
877.50,1,1,
882.50,1,0,
887.50,0,0,
887.50,0,1,
892.50,0,0,
897.50,0,0,
897.50,0,1,
902.50,0,0,
907.50,0,0,
907.50,0,1,
912.50,0,0,
917.50,0,0,
917.50,0,1,
922.50,0,0,
927.50,0,0,
927.50,0,1,
932.50,0,0,
937.50,1,0,
937.50,1,1,
942.50,1,0,
945.00,1,0,
950.00,0,0,
950.00,0,1,
960.00,1,1,
965.00,1,1,
970.00,0,1,
970.00,0,0,
972.50,1,0,
972.50,1,1,
977.50,1,0,
982.50,0,0,
982.50,0,1,
987.50,0,0,
992.50,1,0,
992.50,1,1,
997.50,1,0,
1002.50,0,0,
1002.50,0,1,
1007.50,0,0,
1012.50,0,0,
1012.50,0,1,
1017.50,0,0,
1022.50,0,0,
1022.50,0,1,
1027.50,0,0,
1032.50,0,0,
1032.50,0,1,
1037.50,0,0,
1042.50,0,0,
1042.50,0,1,
1047.50,0,0,
1052.50,1,0,
1052.50,1,1,
1057.50,1,0,
1060.00,1,0,
1065.00,0,0,
1065.00,0,1,
1075.00,1,1,
1080.00,1,1,
1085.00,0,1,
1085.00,0,0,
1087.50,1,0,
1087.50,1,1,
1092.50,1,0,
1097.50,0,0,
1097.50,0,1,
1102.50,0,0,
1107.50,1,0,
1107.50,1,1,
1112.50,1,0,
1117.50,0,0,
1117.50,0,1,
1122.50,0,0,
1127.50,0,0,
1127.50,0,1,
1132.50,0,0,
1137.50,0,0,
1137.50,0,1,
1142.50,0,0,
1147.50,0,0,
1147.50,0,1,
1152.50,0,0,
1157.50,0,0,
1157.50,0,1,
1162.50,0,0,
1167.50,1,0,
1167.50,1,1,
1172.50,1,0,
1175.00,1,0,
1180.00,0,0,
1180.00,0,1,
1190.00,1,1,
1195.00,1,1,
1200.00,0,1,
1200.00,0,0,
1202.50,1,0,
1202.50,1,1,
1207.50,1,0,
1212.50,0,0,
1212.50,0,1,
1217.50,0,0,
1222.50,1,0,
1222.50,1,1,
1227.50,1,0,
1232.50,0,0,
1232.50,0,1,
1237.50,0,0,
1242.50,0,0,
1242.50,0,1,
1247.50,0,0,
1252.50,0,0,
1252.50,0,1,
1257.50,0,0,
1262.50,0,0,
1262.50,0,1,
1267.50,0,0,
1272.50,0,0,
1272.50,0,1,
1277.50,0,0,
1282.50,1,0,
1282.50,1,1,
1287.50,1,0,
1290.00,1,0,
1295.00,0,0,
1295.00,0,1,
1305.00,1,1,
1310.00,1,1,
1315.00,0,1,
1315.00,0,0,
1317.50,1,0,
1317.50,1,1,
1322.50,1,0,
1327.50,0,0,
1327.50,0,1,
1332.50,0,0,
1337.50,1,0,
1337.50,1,1,
1342.50,1,0,
1347.50,0,0,
1347.50,0,1,
1352.50,0,0,
1357.50,0,0,
1357.50,0,1,
1362.50,0,0,
1367.50,0,0,
1367.50,0,1,
1372.50,0,0,
1377.50,0,0,
1377.50,0,1,
1382.50,0,0,
1387.50,0,0,
1387.50,0,1,
1392.50,0,0,
1397.50,1,0,
1397.50,1,1,
1402.50,1,0,
1405.00,1,0,
1410.00,0,0,
1410.00,0,1,
1420.00,1,1,
1425.00,1,1,
1430.00,0,1,
1430.00,0,0,
1432.50,1,0,
1432.50,1,1,
1437.50,1,0,
1442.50,0,0,
1442.50,0,1,
1447.50,0,0,
1452.50,1,0,
1452.50,1,1,
1457.50,1,0,
1462.50,0,0,
1462.50,0,1,
1467.50,0,0,
1472.50,0,0,
1472.50,0,1,
1477.50,0,0,
1482.50,0,0,
1482.50,0,1,
1487.50,0,0,
1492.50,0,0,
1492.50,0,1,
1497.50,0,0,
1502.50,0,0,
1502.50,0,1,
1507.50,0,0,
1512.50,1,0,
1512.50,1,1,
1517.50,1,0,
1520.00,1,0,
1525.00,0,0,
1525.00,0,1,
1535.00,1,1,
1540.00,1,1,
1545.00,0,1,
1545.00,0,0,
1547.50,1,0,
1547.50,1,1,
1552.50,1,0,
1557.50,0,0,
1557.50,0,1,
1562.50,0,0,
1567.50,1,0,
1567.50,1,1,
1572.50,1,0,
1577.50,0,0,
1577.50,0,1,
1582.50,0,0,
1587.50,0,0,
1587.50,0,1,
1592.50,0,0,
1597.50,0,0,
1597.50,0,1,
1602.50,0,0,
1607.50,0,0,
1607.50,0,1,
1612.50,0,0,
1617.50,0,0,
1617.50,0,1,
1622.50,0,0,
1627.50,1,0,
1627.50,1,1,
1632.50,1,0,
1635.00,1,0,
1640.00,0,0,
1640.00,0,1,
1650.00,1,1,
1655.00,1,1,
1660.00,0,1,
1660.00,0,0,
1662.50,1,0,
1662.50,1,1,
1667.50,1,0,
1672.50,0,0,
1672.50,0,1,
1677.50,0,0,
1682.50,1,0,
1682.50,1,1,
1687.50,1,0,
1692.50,0,0,
1692.50,0,1,
1697.50,0,0,
1702.50,0,0,
1702.50,0,1,
1707.50,0,0,
1712.50,0,0,
1712.50,0,1,
1717.50,0,0,
1722.50,0,0,
1722.50,0,1,
1727.50,0,0,
1732.50,0,0,
1732.50,0,1,
1737.50,0,0,
1742.50,1,0,
1742.50,1,1,
1747.50,1,0,
1750.00,1,0,
1755.00,0,0,
1755.00,0,1,
1765.00,1,1,
1770.00,1,1,
1775.00,0,1,
1775.00,0,0,
1777.50,1,0,
1777.50,1,1,
1782.50,1,0,
1787.50,0,0,
1787.50,0,1,
1792.50,0,0,
1797.50,1,0,
1797.50,1,1,
1802.50,1,0,
1807.50,0,0,
1807.50,0,1,
1812.50,0,0,
1817.50,0,0,
1817.50,0,1,
1822.50,0,0,
1827.50,0,0,
1827.50,0,1,
1832.50,0,0,
1837.50,0,0,
1837.50,0,1,
1842.50,0,0,
1847.50,0,0,
1847.50,0,1,
1852.50,0,0,
1857.50,1,0,
1857.50,1,1,
1862.50,1,0,
1865.00,1,0,
1870.00,0,0,
1870.00,0,1,
1880.00,1,1,
1885.00,1,1,
1890.00,0,1,
1890.00,0,0,
1892.50,1,0,
1892.50,1,1,
1897.50,1,0,
1902.50,0,0,
1902.50,0,1,
1907.50,0,0,
1912.50,1,0,
1912.50,1,1,
1917.50,1,0,
1922.50,0,0,
1922.50,0,1,
1927.50,0,0,
1932.50,0,0,
1932.50,0,1,
1937.50,0,0,
1942.50,0,0,
1942.50,0,1,
1947.50,0,0,
1952.50,0,0,
1952.50,0,1,
1957.50,0,0,
1962.50,0,0,
1962.50,0,1,
1967.50,0,0,
1972.50,1,0,
1972.50,1,1,
1977.50,1,0,
1980.00,1,0,
1985.00,0,0,
1985.00,0,1,
1995.00,1,1,
2000.00,1,1,
2005.00,0,1,
2005.00,0,0,
2007.50,1,0,
2007.50,1,1,
2012.50,1,0,
2017.50,0,0,
2017.50,0,1,
2022.50,0,0,
2027.50,1,0,
2027.50,1,1,
2032.50,1,0,
2037.50,0,0,
2037.50,0,1,
2042.50,0,0,
2047.50,0,0,
2047.50,0,1,
2052.50,0,0,
2057.50,0,0,
2057.50,0,1,
2062.50,0,0,
2067.50,0,0,
2067.50,0,1,
2072.50,0,0,
2077.50,0,0,
2077.50,0,1,
2082.50,0,0,
2087.50,1,0,
2087.50,1,1,
2092.50,1,0,
2095.00,1,0,
2100.00,0,0,
2100.00,0,1,
2110.00,1,1,
2115.00,1,1,
2120.00,0,1,
2120.00,0,0,
2122.50,1,0,
2122.50,1,1,
2127.50,1,0,
2132.50,0,0,
2132.50,0,1,
2137.50,0,0,
2142.50,1,0,
2142.50,1,1,
2147.50,1,0,
2152.50,0,0,
2152.50,0,1,
2157.50,0,0,
2162.50,0,0,
2162.50,0,1,
2167.50,0,0,
2172.50,0,0,
2172.50,0,1,
2177.50,0,0,
2182.50,0,0,
2182.50,0,1,
2187.50,0,0,
2192.50,0,0,
2192.50,0,1,
2197.50,0,0,
2202.50,1,0,
2202.50,1,1,
2207.50,1,0,
2210.00,1,0,
2215.00,0,0,
2215.00,0,1,
2225.00,1,1,
2230.00,1,1,
2235.00,0,1,
2235.00,0,0,
2237.50,1,0,
2237.50,1,1,
2242.50,1,0,
2247.50,0,0,
2247.50,0,1,
2252.50,0,0,
2257.50,1,0,
2257.50,1,1,
2262.50,1,0,
2267.50,0,0,
2267.50,0,1,
2272.50,0,0,
2277.50,0,0,
2277.50,0,1,
2282.50,0,0,
2287.50,0,0,
2287.50,0,1,
2292.50,0,0,
2297.50,0,0,
2297.50,0,1,
2302.50,0,0,
2307.50,0,0,
2307.50,0,1,
2312.50,0,0,
2317.50,1,0,
2317.50,1,1,
2322.50,1,0,
2325.00,1,0,
2330.00,0,0,
2330.00,0,1,
2340.00,1,1,
2345.00,1,1,
2350.00,0,1,
2350.00,0,0,
2352.50,1,0,
2352.50,1,1,
2357.50,1,0,
2362.50,0,0,
2362.50,0,1,
2367.50,0,0,
2372.50,1,0,
2372.50,1,1,
2377.50,1,0,
2382.50,0,0,
2382.50,0,1,
2387.50,0,0,
2392.50,0,0,
2392.50,0,1,
2397.50,0,0,
2402.50,0,0,
2402.50,0,1,
2407.50,0,0,
2412.50,0,0,
2412.50,0,1,
2417.50,0,0,
2422.50,0,0,
2422.50,0,1,
2427.50,0,0,
2432.50,1,0,
2432.50,1,1,
2437.50,1,0,
2440.00,1,0,
2445.00,0,0,
2445.00,0,1,
2455.00,1,1,
2460.00,1,1,
2465.00,0,1,
2465.00,0,0,
2467.50,1,0,
2467.50,1,1,
2472.50,1,0,
2477.50,0,0,
2477.50,0,1,
2482.50,0,0,
2487.50,1,0,
2487.50,1,1,
2492.50,1,0,
2497.50,0,0,
2497.50,0,1,
2502.50,0,0,
2507.50,0,0,
2507.50,0,1,
2512.50,0,0,
2517.50,0,0,
2517.50,0,1,
2522.50,0,0,
2527.50,0,0,
2527.50,0,1,
2532.50,0,0,
2537.50,0,0,
2537.50,0,1,
2542.50,0,0,
2547.50,1,0,
2547.50,1,1,
2552.50,1,0,
2555.00,1,0,
2560.00,0,0,
2560.00,0,1,
2570.00,1,1,
2575.00,1,1,
2580.00,0,1,
2580.00,0,0,
2582.50,1,0,
2582.50,1,1,
2587.50,1,0,
2592.50,0,0,
2592.50,0,1,
2597.50,0,0,
2602.50,1,0,
2602.50,1,1,
2607.50,1,0,
2612.50,0,0,
2612.50,0,1,
2617.50,0,0,
2622.50,0,0,
2622.50,0,1,
2627.50,0,0,
2632.50,0,0,
2632.50,0,1,
2637.50,0,0,
2642.50,0,0,
2642.50,0,1,
2647.50,0,0,
2652.50,0,0,
2652.50,0,1,
2657.50,0,0,
2662.50,1,0,
2662.50,1,1,
2667.50,1,0,
2670.00,1,0,
2675.00,0,0,
2675.00,0,1,
2685.00,1,1,
2690.00,1,1,
2695.00,0,1,
2695.00,0,0,
2697.50,1,0,
2697.50,1,1,
2702.50,1,0,
2707.50,0,0,
2707.50,0,1,
2712.50,0,0,
2717.50,1,0,
2717.50,1,1,
2722.50,1,0,
2727.50,0,0,
2727.50,0,1,
2732.50,0,0,
2737.50,0,0,
2737.50,0,1,
2742.50,0,0,
2747.50,0,0,
2747.50,0,1,
2752.50,0,0,
2757.50,0,0,
2757.50,0,1,
2762.50,0,0,
2767.50,0,0,
2767.50,0,1,
2772.50,0,0,
2777.50,1,0,
2777.50,1,1,
2782.50,1,0,
2785.00,1,0,
2790.00,0,0,
2790.00,0,1,
2800.00,1,1,
2805.00,1,1,
2810.00,0,1,
2810.00,0,0,
2812.50,1,0,
2812.50,1,1,
2817.50,1,0,
2822.50,0,0,
2822.50,0,1,
2827.50,0,0,
2832.50,1,0,
2832.50,1,1,
2837.50,1,0,
2842.50,0,0,
2842.50,0,1,
2847.50,0,0,
2852.50,0,0,
2852.50,0,1,
2857.50,0,0,
2862.50,0,0,
2862.50,0,1,
2867.50,0,0,
2872.50,0,0,
2872.50,0,1,
2877.50,0,0,
2882.50,0,0,
2882.50,0,1,
2887.50,0,0,
2892.50,1,0,
2892.50,1,1,
2897.50,1,0,
2900.00,1,0,
2905.00,0,0,
2905.00,0,1,
2915.00,1,1,
2920.00,1,1,
2925.00,0,1,
2925.00,0,0,
2927.50,1,0,
2927.50,1,1,
2932.50,1,0,
2937.50,0,0,
2937.50,0,1,
2942.50,0,0,
2947.50,1,0,
2947.50,1,1,
2952.50,1,0,
2957.50,0,0,
2957.50,0,1,
2962.50,0,0,
2967.50,0,0,
2967.50,0,1,
2972.50,0,0,
2977.50,0,0,
2977.50,0,1,
2982.50,0,0,
2987.50,0,0,
2987.50,0,1,
2992.50,0,0,
2997.50,0,0,
2997.50,0,1,
3002.50,0,0,
3007.50,1,0,
3007.50,1,1,
3012.50,1,0,
3015.00,1,0,
3020.00,0,0,
3020.00,0,1,
3030.00,1,1,
3035.00,1,1,
3040.00,0,1,
3040.00,0,0,
3042.50,1,0,
3042.50,1,1,
3047.50,1,0,
3052.50,0,0,
3052.50,0,1,
3057.50,0,0,
3062.50,1,0,
3062.50,1,1,
3067.50,1,0,
3072.50,0,0,
3072.50,0,1,
3077.50,0,0,
3082.50,0,0,
3082.50,0,1,
3087.50,0,0,
3092.50,0,0,
3092.50,0,1,
3097.50,0,0,
3102.50,0,0,
3102.50,0,1,
3107.50,0,0,
3112.50,0,0,
3112.50,0,1,
3117.50,0,0,
3122.50,1,0,
3122.50,1,1,
3127.50,1,0,
3130.00,1,0,
3135.00,0,0,
3135.00,0,1,
3145.00,1,1,
3150.00,1,1,
3155.00,0,1,
3155.00,0,0,
3157.50,1,0,
3157.50,1,1,
3162.50,1,0,
3167.50,0,0,
3167.50,0,1,
3172.50,0,0,
3177.50,1,0,
3177.50,1,1,
3182.50,1,0,
3187.50,0,0,
3187.50,0,1,
3192.50,0,0,
3197.50,0,0,
3197.50,0,1,
3202.50,0,0,
3207.50,0,0,
3207.50,0,1,
3212.50,0,0,
3217.50,0,0,
3217.50,0,1,
3222.50,0,0,
3227.50,0,0,
3227.50,0,1,
3232.50,0,0,
3237.50,1,0,
3237.50,1,1,
3242.50,1,0,
3245.00,1,0,
3250.00,0,0,
3250.00,0,1,
3260.00,1,1,
3265.00,1,1,
3270.00,0,1,
3270.00,0,0,
3272.50,1,0,
3272.50,1,1,
3277.50,1,0,
3282.50,0,0,
3282.50,0,1,
3287.50,0,0,
3292.50,1,0,
3292.50,1,1,
3297.50,1,0,
3302.50,0,0,
3302.50,0,1,
3307.50,0,0,
3312.50,0,0,
3312.50,0,1,
3317.50,0,0,
3322.50,0,0,
3322.50,0,1,
3327.50,0,0,
3332.50,0,0,
3332.50,0,1,
3337.50,0,0,
3342.50,0,0,
3342.50,0,1,
3347.50,0,0,
3352.50,1,0,
3352.50,1,1,
3357.50,1,0,
3360.00,1,0,
3365.00,0,0,
3365.00,0,1,
3375.00,1,1,
3380.00,1,1,
3385.00,0,1,
3385.00,0,0,
3387.50,1,0,
3387.50,1,1,
3392.50,1,0,
3397.50,0,0,
3397.50,0,1,
3402.50,0,0,
3407.50,1,0,
3407.50,1,1,
3412.50,1,0,
3417.50,0,0,
3417.50,0,1,
3422.50,0,0,
3427.50,0,0,
3427.50,0,1,
3432.50,0,0,
3437.50,0,0,
3437.50,0,1,
3442.50,0,0,
3447.50,0,0,
3447.50,0,1,
3452.50,0,0,
3457.50,0,0,
3457.50,0,1,
3462.50,0,0,
3467.50,1,0,
3467.50,1,1,
3472.50,1,0,
3475.00,1,0,
3480.00,0,0,
3480.00,0,1,
3490.00,1,1,
3495.00,1,1,
3500.00,0,1,
3500.00,0,0,
3502.50,1,0,
3502.50,1,1,
3507.50,1,0,
3512.50,0,0,
3512.50,0,1,
3517.50,0,0,
3522.50,1,0,
3522.50,1,1,
3527.50,1,0,
3532.50,0,0,
3532.50,0,1,
3537.50,0,0,
3542.50,0,0,
3542.50,0,1,
3547.50,0,0,
3552.50,0,0,
3552.50,0,1,
3557.50,0,0,
3562.50,0,0,
3562.50,0,1,
3567.50,0,0,
3572.50,0,0,
3572.50,0,1,
3577.50,0,0,
3582.50,1,0,
3582.50,1,1,
3587.50,1,0,
3590.00,1,0,
3595.00,0,0,
3595.00,0,1,
3605.00,1,1,
3610.00,1,1,
3615.00,0,1,
3615.00,0,0,
3617.50,1,0,
3617.50,1,1,
3622.50,1,0,
3627.50,0,0,
3627.50,0,1,
3632.50,0,0,
3637.50,1,0,
3637.50,1,1,
3642.50,1,0,
3647.50,0,0,
3647.50,0,1,
3652.50,0,0,
3657.50,0,0,
3657.50,0,1,
3662.50,0,0,
3667.50,0,0,
3667.50,0,1,
3672.50,0,0,
3677.50,0,0,
3677.50,0,1,
3682.50,0,0,
3687.50,0,0,
3687.50,0,1,
3692.50,0,0,
3697.50,1,0,
3697.50,1,1,
3702.50,1,0,
3705.00,1,0,
3710.00,0,0,
3710.00,0,1,
3720.00,1,1,
3725.00,1,1,
3730.00,0,1,
3730.00,0,0,
3732.50,1,0,
3732.50,1,1,
3737.50,1,0,
3742.50,0,0,
3742.50,0,1,
3747.50,0,0,
3752.50,1,0,
3752.50,1,1,
3757.50,1,0,
3762.50,0,0,
3762.50,0,1,
3767.50,0,0,
3772.50,0,0,
3772.50,0,1,
3777.50,0,0,
3782.50,0,0,
3782.50,0,1,
3787.50,0,0,
3792.50,0,0,
3792.50,0,1,
3797.50,0,0,
3802.50,0,0,
3802.50,0,1,
3807.50,0,0,
3812.50,1,0,
3812.50,1,1,
3817.50,1,0,
3820.00,1,0,
3825.00,0,0,
3825.00,0,1,
3835.00,1,1,
3840.00,1,1,
3845.00,0,1,
3845.00,0,0,
3847.50,1,0,
3847.50,1,1,
3852.50,1,0,
3857.50,0,0,
3857.50,0,1,
3862.50,0,0,
3867.50,1,0,
3867.50,1,1,
3872.50,1,0,
3877.50,0,0,
3877.50,0,1,
3882.50,0,0,
3887.50,0,0,
3887.50,0,1,
3892.50,0,0,
3897.50,0,0,
3897.50,0,1,
3902.50,0,0,
3907.50,0,0,
3907.50,0,1,
3912.50,0,0,
3917.50,0,0,
3917.50,0,1,
3922.50,0,0,
3927.50,1,0,
3927.50,1,1,
3932.50,1,0,
3935.00,1,0,
3940.00,0,0,
3940.00,0,1,
3950.00,1,1,
3955.00,1,1,
3960.00,0,1,
3960.00,0,0,
3962.50,1,0,
3962.50,1,1,
3967.50,1,0,
3972.50,0,0,
3972.50,0,1,
3977.50,0,0,
3982.50,1,0,
3982.50,1,1,
3987.50,1,0,
3992.50,0,0,
3992.50,0,1,
3997.50,0,0,
4002.50,0,0,
4002.50,0,1,
4007.50,0,0,
4012.50,0,0,
4012.50,0,1,
4017.50,0,0,
4022.50,0,0,
4022.50,0,1,
4027.50,0,0,
4032.50,0,0,
4032.50,0,1,
4037.50,0,0,
4042.50,1,0,
4042.50,1,1,
4047.50,1,0,
4050.00,1,0,
4055.00,0,0,
4055.00,0,1,
4065.00,1,1,
4070.00,1,1,
4075.00,0,1,
4075.00,0,0,
4077.50,1,0,
4077.50,1,1,
4082.50,1,0,
4087.50,0,0,
4087.50,0,1,
4092.50,0,0,
4097.50,1,0,
4097.50,1,1,
4102.50,1,0,
4107.50,0,0,
4107.50,0,1,
4112.50,0,0,
4117.50,0,0,
4117.50,0,1,
4122.50,0,0,
4127.50,0,0,
4127.50,0,1,
4132.50,0,0,
4137.50,0,0,
4137.50,0,1,
4142.50,0,0,
4147.50,0,0,
4147.50,0,1,
4152.50,0,0,
4157.50,1,0,
4157.50,1,1,
4162.50,1,0,
4165.00,1,0,
4170.00,0,0,
4170.00,0,1,
4180.00,1,1,
4185.00,1,1,
4190.00,0,1,
4190.00,0,0,
4192.50,1,0,
4192.50,1,1,
4197.50,1,0,
4202.50,0,0,
4202.50,0,1,
4207.50,0,0,
4212.50,1,0,
4212.50,1,1,
4217.50,1,0,
4222.50,0,0,
4222.50,0,1,
4227.50,0,0,
4232.50,0,0,
4232.50,0,1,
4237.50,0,0,
4242.50,0,0,
4242.50,0,1,
4247.50,0,0,
4252.50,0,0,
4252.50,0,1,
4257.50,0,0,
4262.50,0,0,
4262.50,0,1,
4267.50,0,0,
4272.50,1,0,
4272.50,1,1,
4277.50,1,0,
4280.00,1,0,
4285.00,0,0,
4285.00,0,1,
4295.00,1,1,
4300.00,1,1,
4305.00,0,1,
4305.00,0,0,
4307.50,1,0,
4307.50,1,1,
4312.50,1,0,
4317.50,0,0,
4317.50,0,1,
4322.50,0,0,
4327.50,1,0,
4327.50,1,1,
4332.50,1,0,
4337.50,0,0,
4337.50,0,1,
4342.50,0,0,
4347.50,0,0,
4347.50,0,1,
4352.50,0,0,
4357.50,0,0,
4357.50,0,1,
4362.50,0,0,
4367.50,0,0,
4367.50,0,1,
4372.50,0,0,
4377.50,0,0,
4377.50,0,1,
4382.50,0,0,
4387.50,1,0,
4387.50,1,1,
4392.50,1,0,
4395.00,1,0,
4400.00,0,0,
4400.00,0,1,
4410.00,1,1,
4415.00,1,1,
4420.00,0,1,
4420.00,0,0,
4422.50,1,0,
4422.50,1,1,
4427.50,1,0,
4432.50,0,0,
4432.50,0,1,
4437.50,0,0,
4442.50,1,0,
4442.50,1,1,
4447.50,1,0,
4452.50,0,0,
4452.50,0,1,
4457.50,0,0,
4462.50,0,0,
4462.50,0,1,
4467.50,0,0,
4472.50,0,0,
4472.50,0,1,
4477.50,0,0,
4482.50,0,0,
4482.50,0,1,
4487.50,0,0,
4492.50,0,0,
4492.50,0,1,
4497.50,0,0,
4502.50,1,0,
4502.50,1,1,
4507.50,1,0,
4510.00,1,0,
4515.00,0,0,
4515.00,0,1,
4525.00,1,1,
4530.00,1,1,
4535.00,0,1,
4535.00,0,0,
4537.50,1,0,
4537.50,1,1,
4542.50,1,0,
4547.50,0,0,
4547.50,0,1,
4552.50,0,0,
4557.50,1,0,
4557.50,1,1,
4562.50,1,0,
4567.50,0,0,
4567.50,0,1,
4572.50,0,0,
4577.50,0,0,
4577.50,0,1,
4582.50,0,0,
4587.50,0,0,
4587.50,0,1,
4592.50,0,0,
4597.50,0,0,
4597.50,0,1,
4602.50,0,0,
4607.50,0,0,
4607.50,0,1,
4612.50,0,0,
4617.50,1,0,
4617.50,1,1,
4622.50,1,0,
4625.00,1,0,
4630.00,0,0,
4630.00,0,1,
4640.00,1,1,
4645.00,1,1,
4650.00,0,1,
4650.00,0,0,
4652.50,1,0,
4652.50,1,1,
4657.50,1,0,
4662.50,0,0,
4662.50,0,1,
4667.50,0,0,
4672.50,1,0,
4672.50,1,1,
4677.50,1,0,
4682.50,0,0,
4682.50,0,1,
4687.50,0,0,
4692.50,0,0,
4692.50,0,1,
4697.50,0,0,
4702.50,0,0,
4702.50,0,1,
4707.50,0,0,
4712.50,0,0,
4712.50,0,1,
4717.50,0,0,
4722.50,0,0,
4722.50,0,1,
4727.50,0,0,
4732.50,1,0,
4732.50,1,1,
4737.50,1,0,
4740.00,1,0,
4745.00,0,0,
4745.00,0,1,
4755.00,1,1,
4760.00,1,1,
4765.00,0,1,
4765.00,0,0,
4767.50,1,0,
4767.50,1,1,
4772.50,1,0,
4777.50,0,0,
4777.50,0,1,
4782.50,0,0,
4787.50,1,0,
4787.50,1,1,
4792.50,1,0,
4797.50,0,0,
4797.50,0,1,
4802.50,0,0,
4807.50,0,0,
4807.50,0,1,
4812.50,0,0,
4817.50,0,0,
4817.50,0,1,
4822.50,0,0,
4827.50,0,0,
4827.50,0,1,
4832.50,0,0,
4837.50,0,0,
4837.50,0,1,
4842.50,0,0,
4847.50,1,0,
4847.50,1,1,
4852.50,1,0,
4855.00,1,0,
4860.00,0,0,
4860.00,0,1,
4870.00,1,1,
4875.00,1,1,
4880.00,0,1,
4880.00,0,0,
4882.50,1,0,
4882.50,1,1,
4887.50,1,0,
4892.50,0,0,
4892.50,0,1,
4897.50,0,0,
4902.50,1,0,
4902.50,1,1,
4907.50,1,0,
4912.50,0,0,
4912.50,0,1,
4917.50,0,0,
4922.50,0,0,
4922.50,0,1,
4927.50,0,0,
4932.50,0,0,
4932.50,0,1,
4937.50,0,0,
4942.50,0,0,
4942.50,0,1,
4947.50,0,0,
4952.50,0,0,
4952.50,0,1,
4957.50,0,0,
4962.50,1,0,
4962.50,1,1,
4967.50,1,0,
4970.00,1,0,
4975.00,0,0,
4975.00,0,1,
4985.00,1,1,
4990.00,1,1,
4995.00,0,1,
4995.00,0,0,
4997.50,1,0,
4997.50,1,1,
5002.50,1,0,
5007.50,0,0,
5007.50,0,1,
5012.50,0,0,
5017.50,1,0,
5017.50,1,1,
5022.50,1,0,
5027.50,0,0,
5027.50,0,1,
5032.50,0,0,
5037.50,0,0,
5037.50,0,1,
5042.50,0,0,
5047.50,0,0,
5047.50,0,1,
5052.50,0,0,
5057.50,0,0,
5057.50,0,1,
5062.50,0,0,
5067.50,0,0,
5067.50,0,1,
5072.50,0,0,
5077.50,1,0,
5077.50,1,1,
5082.50,1,0,
5085.00,1,0,
5090.00,0,0,
5090.00,0,1,
5100.00,1,1,
5105.00,1,1,
5110.00,0,1,
5110.00,0,0,
5112.50,1,0,
5112.50,1,1,
5117.50,1,0,
5122.50,0,0,
5122.50,0,1,
5127.50,0,0,
5132.50,1,0,
5132.50,1,1,
5137.50,1,0,
5142.50,0,0,
5142.50,0,1,
5147.50,0,0,
5152.50,0,0,
5152.50,0,1,
5157.50,0,0,
5162.50,0,0,
5162.50,0,1,
5167.50,0,0,
5172.50,0,0,
5172.50,0,1,
5177.50,0,0,
5182.50,0,0,
5182.50,0,1,
5187.50,0,0,
5192.50,1,0,
5192.50,1,1,
5197.50,1,0,
5200.00,1,0,
5205.00,0,0,
5205.00,0,1,
5215.00,1,1,
5220.00,1,1,
5225.00,0,1,
5225.00,0,0,
5227.50,1,0,
5227.50,1,1,
5232.50,1,0,
5237.50,0,0,
5237.50,0,1,
5242.50,0,0,
5247.50,1,0,
5247.50,1,1,
5252.50,1,0,
5257.50,0,0,
5257.50,0,1,
5262.50,0,0,
5267.50,0,0,
5267.50,0,1,
5272.50,0,0,
5277.50,0,0,
5277.50,0,1,
5282.50,0,0,
5287.50,0,0,
5287.50,0,1,
5292.50,0,0,
5297.50,0,0,
5297.50,0,1,
5302.50,0,0,
5307.50,1,0,
5307.50,1,1,
5312.50,1,0,
5315.00,1,0,
5320.00,0,0,
5320.00,0,1,
5330.00,1,1,
5335.00,1,1,
5340.00,0,1,
5340.00,0,0,
5342.50,1,0,
5342.50,1,1,
5347.50,1,0,
5352.50,0,0,
5352.50,0,1,
5357.50,0,0,
5362.50,1,0,
5362.50,1,1,
5367.50,1,0,
5372.50,0,0,
5372.50,0,1,
5377.50,0,0,
5382.50,0,0,
5382.50,0,1,
5387.50,0,0,
5392.50,0,0,
5392.50,0,1,
5397.50,0,0,
5402.50,0,0,
5402.50,0,1,
5407.50,0,0,
5412.50,0,0,
5412.50,0,1,
5417.50,0,0,
5422.50,1,0,
5422.50,0,1,
5427.50,0,0,
5430.00,1,0,
5435.00,0,0,
5435.00,0,1,
5445.00,1,1,
5450.00,1,1,
5455.00,0,1,
5455.00,0,0,
5457.50,1,0,
5457.50,1,1,
5462.50,1,0,
5467.50,0,0,
5467.50,0,1,
5472.50,0,0,
5477.50,1,0,
5477.50,1,1,
5482.50,1,0,
5487.50,0,0,
5487.50,0,1,
5492.50,0,0,
5497.50,0,0,
5497.50,0,1,
5502.50,0,0,
5507.50,0,0,
5507.50,0,1,
5512.50,0,0,
5517.50,0,0,
5517.50,0,1,
5522.50,0,0,
5527.50,0,0,
5527.50,0,1,
5532.50,0,0,
5537.50,1,0,
5537.50,0,1,
5542.50,0,0,
5545.00,1,0,
5547.50,0,0,
5547.50,0,1,
5552.50,0,0,
5557.50,0,0,
5557.50,0,1,
5562.50,0,0,
5567.50,0,0,
5567.50,0,1,
5572.50,0,0,
5577.50,0,0,
5577.50,0,1,
5582.50,0,0,
5587.50,0,0,
5587.50,0,1,
5592.50,0,0,
5597.50,0,0,
5597.50,0,1,
5602.50,0,0,
5607.50,0,0,
5607.50,0,1,
5612.50,0,0,
5617.50,0,0,
5617.50,0,1,
5622.50,0,0,
5627.50,1,0,
5627.50,0,1,
5632.50,0,0,
5635.00,1,0,
5637.50,0,0,
5637.50,0,1,
5642.50,0,0,
5647.50,0,0,
5647.50,0,1,
5652.50,0,0,
5657.50,1,0,
5657.50,1,1,
5662.50,1,0,
5667.50,1,0,
5667.50,1,1,
5672.50,1,0,
5677.50,1,0,
5677.50,1,1,
5682.50,1,0,
5687.50,1,0,
5687.50,1,1,
5692.50,1,0,
5697.50,1,0,
5697.50,1,1,
5702.50,1,0,
5707.50,1,0,
5707.50,1,1,
5712.50,1,0,
5717.50,1,0,
5717.50,0,1,
5722.50,0,0,
5725.00,1,0,
5730.00,1,0,
5730.00,1,1,
5740.00,1,1,
5745.00,0,1,
5745.00,0,0,
5750.00,1,0,
5755.00,0,0,
5755.00,0,0,
5757.50,1,0,
5757.50,1,1,
5762.50,1,0,
5767.50,0,0,
5767.50,0,1,
5772.50,0,0,
5777.50,1,0,
5777.50,1,1,
5782.50,1,0,
5787.50,0,0,
5787.50,0,1,
5792.50,0,0,
5797.50,0,0,
5797.50,0,1,
5802.50,0,0,
5807.50,0,0,
5807.50,0,1,
5812.50,0,0,
5817.50,0,0,
5817.50,0,1,
5822.50,0,0,
5827.50,1,0,
5827.50,1,1,
5832.50,1,0,
5837.50,1,0,
5837.50,0,1,
5842.50,0,0,
5845.00,1,0,
5850.00,0,0,
5850.00,0,1,
5855.00,0,0,
5860.00,1,0,
5860.00,1,1,
5865.00,1,0,
5870.00,1,0,
5870.00,1,1,
5875.00,1,0,
5880.00,0,0,
5880.00,0,1,
5885.00,0,0,
5890.00,0,0,
5890.00,0,1,
5895.00,0,0,
5900.00,1,0,
5900.00,1,1,
5905.00,1,0,
5910.00,1,0,
5910.00,1,1,
5915.00,1,0,
5920.00,1,0,
5920.00,1,1,
5925.00,1,0,
5927.50,0,0,
5927.50,0,1,
5932.50,0,0,
5935.00,1,0,
5940.00,0,0,
5940.00,0,1,
5950.00,1,1,
5955.00,1,1,
5960.00,0,1,
5960.00,0,0,
5962.50,1,0,
5962.50,1,1,
5967.50,1,0,
5972.50,1,0,
5972.50,1,1,
5977.50,1,0,
5982.50,0,0,
5982.50,0,1,
5987.50,0,0,
5992.50,1,0,
5992.50,1,1,
5997.50,1,0,
6002.50,0,0,
6002.50,0,1,
6007.50,0,0,
6012.50,0,0,
6012.50,0,1,
6017.50,0,0,
6022.50,0,0,
6022.50,0,1,
6027.50,0,0,
6032.50,0,0,
6032.50,0,1,
6037.50,0,0,
6042.50,1,0,
6042.50,0,1,
6047.50,0,0,
6050.00,1,0,
6052.50,0,0,
6052.50,0,1,
6057.50,0,0,
6062.50,0,0,
6062.50,0,1,
6067.50,0,0,
6072.50,0,0,
6072.50,0,1,
6077.50,0,0,
6082.50,0,0,
6082.50,0,1,
6087.50,0,0,
6092.50,0,0,
6092.50,0,1,
6097.50,0,0,
6102.50,0,0,
6102.50,0,1,
6107.50,0,0,
6112.50,0,0,
6112.50,0,1,
6117.50,0,0,
6122.50,0,0,
6122.50,0,1,
6127.50,0,0,
6132.50,1,0,
6132.50,0,1,
6137.50,0,0,
6140.00,1,0,
6142.50,0,0,
6142.50,0,1,
6147.50,0,0,
6152.50,0,0,
6152.50,0,1,
6157.50,0,0,
6162.50,0,0,
6162.50,0,1,
6167.50,0,0,
6172.50,0,0,
6172.50,0,1,
6177.50,0,0,
6182.50,0,0,
6182.50,0,1,
6187.50,0,0,
6192.50,0,0,
6192.50,0,1,
6197.50,0,0,
6202.50,0,0,
6202.50,0,1,
6207.50,0,0,
6212.50,0,0,
6212.50,0,1,
6217.50,0,0,
6222.50,1,0,
6222.50,0,1,
6227.50,0,0,
6230.00,1,0,
6232.50,0,0,
6232.50,0,1,
6237.50,0,0,
6242.50,0,0,
6242.50,0,1,
6247.50,0,0,
6252.50,1,0,
6252.50,1,1,
6257.50,1,0,
6262.50,1,0,
6262.50,1,1,
6267.50,1,0,
6272.50,0,0,
6272.50,0,1,
6277.50,0,0,
6282.50,1,0,
6282.50,1,1,
6287.50,1,0,
6292.50,0,0,
6292.50,0,1,
6297.50,0,0,
6302.50,0,0,
6302.50,0,1,
6307.50,0,0,
6312.50,1,0,
6312.50,0,1,
6317.50,0,0,
6320.00,1,0,
6322.50,0,0,
6322.50,0,1,
6327.50,0,0,
6332.50,0,0,
6332.50,0,1,
6337.50,0,0,
6342.50,0,0,
6342.50,0,1,
6347.50,0,0,
6352.50,1,0,
6352.50,1,1,
6357.50,1,0,
6362.50,0,0,
6362.50,0,1,
6367.50,0,0,
6372.50,0,0,
6372.50,0,1,
6377.50,0,0,
6382.50,1,0,
6382.50,1,1,
6387.50,1,0,
6392.50,0,0,
6392.50,0,1,
6397.50,0,0,
6402.50,1,0,
6402.50,0,1,
6407.50,0,0,
6410.00,1,0,
6415.00,0,0,
6415.00,0,1,
6425.00,1,1,
6430.00,1,1,
6435.00,0,1,
6435.00,0,0,
6437.50,1,0,
6437.50,1,1,
6442.50,1,0,
6447.50,1,0,
6447.50,1,1,
6452.50,1,0,
6457.50,0,0,
6457.50,0,1,
6462.50,0,0,
6467.50,1,0,
6467.50,1,1,
6472.50,1,0,
6477.50,0,0,
6477.50,0,1,
6482.50,0,0,
6487.50,0,0,
6487.50,0,1,
6492.50,0,0,
6497.50,0,0,
6497.50,0,1,
6502.50,0,0,
6507.50,0,0,
6507.50,0,1,
6512.50,0,0,
6517.50,1,0,
6517.50,0,1,
6522.50,0,0,
6525.00,1,0,
6527.50,0,0,
6527.50,0,1,
6532.50,0,0,
6537.50,0,0,
6537.50,0,1,
6542.50,0,0,
6547.50,0,0,
6547.50,0,1,
6552.50,0,0,
6557.50,0,0,
6557.50,0,1,
6562.50,0,0,
6567.50,0,0,
6567.50,0,1,
6572.50,0,0,
6577.50,0,0,
6577.50,0,1,
6582.50,0,0,
6587.50,0,0,
6587.50,0,1,
6592.50,0,0,
6597.50,0,0,
6597.50,0,1,
6602.50,0,0,
6607.50,1,0,
6607.50,0,1,
6612.50,0,0,
6615.00,1,0,
6620.00,1,0,
6620.00,1,1,
6630.00,1,1,
6635.00,0,1,
6635.00,0,0,
6640.00,1,0,
6645.00,0,0,
6645.00,0,0,
6647.50,1,0,
6647.50,1,1,
6652.50,1,0,
6657.50,1,0,
6657.50,1,1,
6662.50,1,0,
6667.50,0,0,
6667.50,0,1,
6672.50,0,0,
6677.50,1,0,
6677.50,1,1,
6682.50,1,0,
6687.50,0,0,
6687.50,0,1,
6692.50,0,0,
6697.50,0,0,
6697.50,0,1,
6702.50,0,0,
6707.50,0,0,
6707.50,0,1,
6712.50,0,0,
6717.50,1,0,
6717.50,1,1,
6722.50,1,0,
6727.50,1,0,
6727.50,0,1,
6732.50,0,0,
6735.00,1,0,
6740.00,0,0,
6740.00,0,1,
6745.00,0,0,
6750.00,0,0,
6750.00,0,1,
6755.00,0,0,
6760.00,0,0,
6760.00,0,1,
6765.00,0,0,
6770.00,0,0,
6770.00,0,1,
6775.00,0,0,
6780.00,0,0,
6780.00,0,1,
6785.00,0,0,
6790.00,0,0,
6790.00,0,1,
6795.00,0,0,
6800.00,0,0,
6800.00,0,1,
6805.00,0,0,
6810.00,0,0,
6810.00,0,1,
6815.00,0,0,
6817.50,0,0,
6817.50,0,1,
6822.50,0,0,
6825.00,1,0,
6830.00,0,0,
6830.00,0,1,
6840.00,1,1,
